{"vehicle_counts": {"car": 51, "truck": 9, "bus": 4}, "average_counts": {"car": 6.294444444444444, "truck": 0.82, "bus": 0.07666666666666666}, "average_speeds": {"car": 87.6540373922437, "truck": 111.02870149696894, "bus": 42.936683461811526}, "max_vehicles": 12, "max_time_sec": 27.733333333333334, "total_frames": 900, "fps": 30.0, "emergency_alerts": [], "middle_index": 450, "middle_frame_counts": {"car": 4, "truck": 1}}